URL,FILENAME
https://energieportal.energyapps.ch/ep/bernex?lng=de-CH
https://energieportal.energyapps.ch/ep/bernex?lng=fr-CH
https://energieportal.energyapps.ch/ep/bernex?lng=it-CH

https://energieportal.energyapps.ch/ep/oberhofen?lng=de-CH
https://energieportal.energyapps.ch/ep/oberhofen?lng=fr-CH
https://energieportal.energyapps.ch/ep/oberhofen?lng=it-CH

https://energieportal.energyapps.ch/ep/belp?lng=de-CH
https://energieportal.energyapps.ch/ep/belp?lng=fr-CH
https://energieportal.energyapps.ch/ep/belp?lng=it-CH

https://energieportal.energyapps.ch/ep/evilard?lng=de-CH
https://energieportal.energyapps.ch/ep/evilard?lng=fr-CH
https://energieportal.energyapps.ch/ep/evilard?lng=it-CH

https://energieportal.energyapps.ch/ep/default?lng=de-CH
https://energieportal.energyapps.ch/ep/default?lng=fr-CH
https://energieportal.energyapps.ch/ep/default?lng=it-CH

https://energieportal.energyapps.ch/ep/haute-sorne?lng=de-CH
https://energieportal.energyapps.ch/ep/haute-sorne?lng=fr-CH
https://energieportal.energyapps.ch/ep/haute-sorne?lng=it-CH

https://energieportal.energyapps.ch/ep/bruegg?lng=de-CH
https://energieportal.energyapps.ch/ep/bruegg?lng=fr-CH
https://energieportal.energyapps.ch/ep/bruegg?lng=it-CH

https://energieportal.energyapps.ch/ep/aarau?lng=de-CH
https://energieportal.energyapps.ch/ep/aarau?lng=fr-CH
https://energieportal.energyapps.ch/ep/aarau?lng=it-CH

https://energieportal.energyapps.ch/ep/kloten?lng=de-CH
https://energieportal.energyapps.ch/ep/kloten?lng=fr-CH
https://energieportal.energyapps.ch/ep/kloten?lng=it-CH